<?xml version="1.0" encoding="utf-8"?>
<!--/13385060/674214/2.49/34/4/Integrated Circuit/-->
<quadcept_library>
  <setting unit="mil" />
  <textstyle name="Default" height="47.244094488189" strokewidth="7.8740157480315" charwidth="47.244094488189" />
  <textstyle name="Dimension" height="19.6850393700787" strokewidth="0" charwidth="19.6850393700787" />
  <textstyle name="H127W0635TH00762" height="50" strokewidth="3" charwidth="25" />
  <textstyle name="H15W15TH02" height="59.0551181102362" strokewidth="7.8740157480315" charwidth="59.0551181102362" />
  <padstyle name="c166.5_h111" surface="False" plated="True" isvia="False" nopaste="True" nomask="True" complex="False" holesize="43.700787401574">
    <padshape layer="TOP" shape="round" width="65.551181102361" height="65.551181102361" />
    <padshape layer="TOP_SOLDER_MASK" shape="round" width="73.425196850393" height="73.425196850393" />
    <padshape layer="INNER" shape="round" width="65.551181102361" height="65.551181102361" />
    <padshape layer="BOTTOM" shape="round" width="65.551181102361" height="65.551181102361" />
    <padshape layer="BOTTOM_SOLDER_MASK" shape="round" width="73.425196850393" height="73.425196850393" />
  </padstyle>
  <footprint name="TEENSY40" originx="0" originy="0" pickpointx="0" pickpointy="0">
    <pcbpin number="1" name="1" style="c166.5_h111" originx="0" originy="0" rotation="90" />
    <pcbpin number="2" name="2" style="c166.5_h111" originx="99.999999999999" originy="0" rotation="90" />
    <pcbpin number="3" name="3" style="c166.5_h111" originx="200" originy="0" rotation="90" />
    <pcbpin number="4" name="4" style="c166.5_h111" originx="300" originy="0" rotation="90" />
    <pcbpin number="5" name="5" style="c166.5_h111" originx="400" originy="0" rotation="90" />
    <pcbpin number="6" name="6" style="c166.5_h111" originx="499.99999999999" originy="0" rotation="90" />
    <pcbpin number="7" name="7" style="c166.5_h111" originx="599.99999999999" originy="0" rotation="90" />
    <pcbpin number="8" name="8" style="c166.5_h111" originx="699.99999999999" originy="0" rotation="90" />
    <pcbpin number="9" name="9" style="c166.5_h111" originx="799.99999999999" originy="0" rotation="90" />
    <pcbpin number="10" name="10" style="c166.5_h111" originx="899.99999999999" originy="0" rotation="90" />
    <pcbpin number="11" name="11" style="c166.5_h111" originx="999.99999999999" originy="0" rotation="90" />
    <pcbpin number="12" name="12" style="c166.5_h111" originx="1100" originy="0" rotation="90" />
    <pcbpin number="13" name="13" style="c166.5_h111" originx="1200" originy="0" rotation="90" />
    <pcbpin number="14" name="14" style="c166.5_h111" originx="1300" originy="0" rotation="90" />
    <pcbpin number="15" name="15" style="c166.5_h111" originx="1300" originy="99.999999999999" rotation="90" />
    <pcbpin number="16" name="16" style="c166.5_h111" originx="1300" originy="200" rotation="90" />
    <pcbpin number="17" name="17" style="c166.5_h111" originx="1300" originy="300" rotation="90" />
    <pcbpin number="18" name="18" style="c166.5_h111" originx="1300" originy="400" rotation="90" />
    <pcbpin number="19" name="19" style="c166.5_h111" originx="1300" originy="499.99999999999" rotation="90" />
    <pcbpin number="20" name="20" style="c166.5_h111" originx="1300" originy="599.99999999999" rotation="90" />
    <pcbpin number="21" name="21" style="c166.5_h111" originx="1200" originy="599.99999999999" rotation="90" />
    <pcbpin number="22" name="22" style="c166.5_h111" originx="1100" originy="599.99999999999" rotation="90" />
    <pcbpin number="23" name="23" style="c166.5_h111" originx="999.99999999999" originy="599.99999999999" rotation="90" />
    <pcbpin number="24" name="24" style="c166.5_h111" originx="899.99999999999" originy="599.99999999999" rotation="90" />
    <pcbpin number="25" name="25" style="c166.5_h111" originx="799.99999999999" originy="599.99999999999" rotation="90" />
    <pcbpin number="26" name="26" style="c166.5_h111" originx="699.99999999999" originy="599.99999999999" rotation="90" />
    <pcbpin number="27" name="27" style="c166.5_h111" originx="599.99999999999" originy="599.99999999999" rotation="90" />
    <pcbpin number="28" name="28" style="c166.5_h111" originx="499.99999999999" originy="599.99999999999" rotation="90" />
    <pcbpin number="29" name="29" style="c166.5_h111" originx="400" originy="599.99999999999" rotation="90" />
    <pcbpin number="30" name="30" style="c166.5_h111" originx="300" originy="599.99999999999" rotation="90" />
    <pcbpin number="31" name="31" style="c166.5_h111" originx="200" originy="599.99999999999" rotation="90" />
    <pcbpin number="32" name="32" style="c166.5_h111" originx="99.999999999999" originy="599.99999999999" rotation="90" />
    <pcbpin number="33" name="33" style="c166.5_h111" originx="0" originy="599.99999999999" rotation="90" />
    <pcbpin number="34" name="34" style="c166.5_h111" originx="99.999999999999" originy="499.99999999999" rotation="90" />
    <line layer="TOP_ASSEMBLY" originx="-49.999999999999" originy="649.99999999999" endx="1350" endy="649.99999999999" width="7.8740157480314" />
    <line layer="TOP_ASSEMBLY" originx="1350" originy="649.99999999999" endx="1350" endy="-49.999999999999" width="7.8740157480314" />
    <line layer="TOP_ASSEMBLY" originx="1350" originy="-49.999999999999" endx="-49.999999999999" endy="-49.999999999999" width="7.8740157480314" />
    <line layer="TOP_ASSEMBLY" originx="-49.999999999999" originy="-49.999999999999" endx="-49.999999999999" endy="649.99999999999" width="7.8740157480314" />
    <line layer="TOP_PLACE_BOUND" originx="-89.370078740156" originy="689.37007874015" endx="1389.3700787401" endy="689.37007874015" width="3.9370078740157" />
    <line layer="TOP_PLACE_BOUND" originx="1389.3700787401" originy="689.37007874015" endx="1389.3700787401" endy="-89.370078740156" width="3.9370078740157" />
    <line layer="TOP_PLACE_BOUND" originx="1389.3700787401" originy="-89.370078740156" endx="-89.370078740156" endy="-89.370078740156" width="3.9370078740157" />
    <line layer="TOP_PLACE_BOUND" originx="-89.370078740156" originy="-89.370078740156" endx="-89.370078740156" endy="689.37007874015" width="3.9370078740157" />
    <line layer="TOP_SILKSCREEN" originx="-49.999999999999" originy="649.99999999999" endx="1350" endy="649.99999999999" width="3.9370078740157" />
    <line layer="TOP_SILKSCREEN" originx="1350" originy="649.99999999999" endx="1350" endy="-49.999999999999" width="3.9370078740157" />
    <line layer="TOP_SILKSCREEN" originx="1350" originy="-49.999999999999" endx="-49.999999999999" endy="-49.999999999999" width="3.9370078740157" />
    <line layer="TOP_SILKSCREEN" originx="-49.999999999999" originy="-49.999999999999" endx="-49.999999999999" endy="649.99999999999" width="3.9370078740157" />
  </footprint>
  <symbol name="TEENSY_4.0" originx="0" originy="0">
    <line originx="200" originy="100" endx="1900" endy="100" width="0" />
    <line originx="1900" originy="-1700" endx="1900" endy="100" width="0" />
    <line originx="1900" originy="-1700" endx="200" endy="-1700" width="0" />
    <line originx="200" originy="100" endx="200" endy="-1700" width="0" />
    <sympin number="1" originx="200" originy="0" rotation="180" length="100" width="7.8740157480315" flipped="False">
      <text name="pinname" originx="230" originy="0" style="Default" rotation="0" justify="left" flipped="False" hidden="False" data="GND_1" />
      <text name="pindes" originx="140" originy="20" style="Default" rotation="0" justify="lowerright" flipped="False" hidden="False" data="1" />
    </sympin>
    <sympin number="2" originx="200" originy="-100" rotation="180" length="100" width="7.8740157480315" flipped="False">
      <text name="pinname" originx="230" originy="-100" style="Default" rotation="0" justify="left" flipped="False" hidden="False" data="0" />
      <text name="pindes" originx="140" originy="-80" style="Default" rotation="0" justify="lowerright" flipped="False" hidden="False" data="2" />
    </sympin>
    <sympin number="3" originx="200" originy="-200" rotation="180" length="100" width="7.8740157480315" flipped="False">
      <text name="pinname" originx="230" originy="-200" style="Default" rotation="0" justify="left" flipped="False" hidden="False" data="1" />
      <text name="pindes" originx="140" originy="-180" style="Default" rotation="0" justify="lowerright" flipped="False" hidden="False" data="3" />
    </sympin>
    <sympin number="4" originx="200" originy="-300" rotation="180" length="100" width="7.8740157480315" flipped="False">
      <text name="pinname" originx="230" originy="-300" style="Default" rotation="0" justify="left" flipped="False" hidden="False" data="2" />
      <text name="pindes" originx="140" originy="-280" style="Default" rotation="0" justify="lowerright" flipped="False" hidden="False" data="4" />
    </sympin>
    <sympin number="5" originx="200" originy="-400" rotation="180" length="100" width="7.8740157480315" flipped="False">
      <text name="pinname" originx="230" originy="-400" style="Default" rotation="0" justify="left" flipped="False" hidden="False" data="3" />
      <text name="pindes" originx="140" originy="-380" style="Default" rotation="0" justify="lowerright" flipped="False" hidden="False" data="5" />
    </sympin>
    <sympin number="6" originx="200" originy="-500" rotation="180" length="100" width="7.8740157480315" flipped="False">
      <text name="pinname" originx="230" originy="-500" style="Default" rotation="0" justify="left" flipped="False" hidden="False" data="4" />
      <text name="pindes" originx="140" originy="-480" style="Default" rotation="0" justify="lowerright" flipped="False" hidden="False" data="6" />
    </sympin>
    <sympin number="7" originx="200" originy="-600" rotation="180" length="100" width="7.8740157480315" flipped="False">
      <text name="pinname" originx="230" originy="-600" style="Default" rotation="0" justify="left" flipped="False" hidden="False" data="5" />
      <text name="pindes" originx="140" originy="-580" style="Default" rotation="0" justify="lowerright" flipped="False" hidden="False" data="7" />
    </sympin>
    <sympin number="8" originx="200" originy="-700" rotation="180" length="100" width="7.8740157480315" flipped="False">
      <text name="pinname" originx="230" originy="-700" style="Default" rotation="0" justify="left" flipped="False" hidden="False" data="6" />
      <text name="pindes" originx="140" originy="-680" style="Default" rotation="0" justify="lowerright" flipped="False" hidden="False" data="8" />
    </sympin>
    <sympin number="9" originx="200" originy="-800" rotation="180" length="100" width="7.8740157480315" flipped="False">
      <text name="pinname" originx="230" originy="-800" style="Default" rotation="0" justify="left" flipped="False" hidden="False" data="7" />
      <text name="pindes" originx="140" originy="-780" style="Default" rotation="0" justify="lowerright" flipped="False" hidden="False" data="9" />
    </sympin>
    <sympin number="10" originx="200" originy="-900" rotation="180" length="100" width="7.8740157480315" flipped="False">
      <text name="pinname" originx="230" originy="-900" style="Default" rotation="0" justify="left" flipped="False" hidden="False" data="8" />
      <text name="pindes" originx="140" originy="-880" style="Default" rotation="0" justify="lowerright" flipped="False" hidden="False" data="10" />
    </sympin>
    <sympin number="11" originx="200" originy="-1000" rotation="180" length="100" width="7.8740157480315" flipped="False">
      <text name="pinname" originx="230" originy="-1000" style="Default" rotation="0" justify="left" flipped="False" hidden="False" data="9" />
      <text name="pindes" originx="140" originy="-980" style="Default" rotation="0" justify="lowerright" flipped="False" hidden="False" data="11" />
    </sympin>
    <sympin number="12" originx="200" originy="-1100" rotation="180" length="100" width="7.8740157480315" flipped="False">
      <text name="pinname" originx="230" originy="-1100" style="Default" rotation="0" justify="left" flipped="False" hidden="False" data="10" />
      <text name="pindes" originx="140" originy="-1080" style="Default" rotation="0" justify="lowerright" flipped="False" hidden="False" data="12" />
    </sympin>
    <sympin number="13" originx="200" originy="-1200" rotation="180" length="100" width="7.8740157480315" flipped="False">
      <text name="pinname" originx="230" originy="-1200" style="Default" rotation="0" justify="left" flipped="False" hidden="False" data="11" />
      <text name="pindes" originx="140" originy="-1180" style="Default" rotation="0" justify="lowerright" flipped="False" hidden="False" data="13" />
    </sympin>
    <sympin number="14" originx="200" originy="-1300" rotation="180" length="100" width="7.8740157480315" flipped="False">
      <text name="pinname" originx="230" originy="-1300" style="Default" rotation="0" justify="left" flipped="False" hidden="False" data="12" />
      <text name="pindes" originx="140" originy="-1280" style="Default" rotation="0" justify="lowerright" flipped="False" hidden="False" data="14" />
    </sympin>
    <sympin number="15" originx="200" originy="-1400" rotation="180" length="100" width="7.8740157480315" flipped="False">
      <text name="pinname" originx="230" originy="-1400" style="Default" rotation="0" justify="left" flipped="False" hidden="False" data="VBAT" />
      <text name="pindes" originx="140" originy="-1380" style="Default" rotation="0" justify="lowerright" flipped="False" hidden="False" data="15" />
    </sympin>
    <sympin number="16" originx="200" originy="-1500" rotation="180" length="100" width="7.8740157480315" flipped="False">
      <text name="pinname" originx="230" originy="-1500" style="Default" rotation="0" justify="left" flipped="False" hidden="False" data="3.3V" />
      <text name="pindes" originx="140" originy="-1480" style="Default" rotation="0" justify="lowerright" flipped="False" hidden="False" data="16" />
    </sympin>
    <sympin number="17" originx="200" originy="-1600" rotation="180" length="100" width="7.8740157480315" flipped="False">
      <text name="pinname" originx="230" originy="-1600" style="Default" rotation="0" justify="left" flipped="False" hidden="False" data="GND_2" />
      <text name="pindes" originx="140" originy="-1580" style="Default" rotation="0" justify="lowerright" flipped="False" hidden="False" data="17" />
    </sympin>
    <sympin number="18" originx="1900" originy="0" rotation="0" length="100" width="7.8740157480315" flipped="False">
      <text name="pinname" originx="1870" originy="0" style="Default" rotation="0" justify="right" flipped="False" hidden="False" data="PROGRAM" />
      <text name="pindes" originx="1960" originy="20" style="Default" rotation="0" justify="lowerleft" flipped="False" hidden="False" data="18" />
    </sympin>
    <sympin number="19" originx="1900" originy="-100" rotation="0" length="100" width="7.8740157480315" flipped="False">
      <text name="pinname" originx="1870" originy="-100" style="Default" rotation="0" justify="right" flipped="False" hidden="False" data="ON/OFF" />
      <text name="pindes" originx="1960" originy="-80" style="Default" rotation="0" justify="lowerleft" flipped="False" hidden="False" data="19" />
    </sympin>
    <sympin number="20" originx="1900" originy="-200" rotation="0" length="100" width="7.8740157480315" flipped="False">
      <text name="pinname" originx="1870" originy="-200" style="Default" rotation="0" justify="right" flipped="False" hidden="False" data="13" />
      <text name="pindes" originx="1960" originy="-180" style="Default" rotation="0" justify="lowerleft" flipped="False" hidden="False" data="20" />
    </sympin>
    <sympin number="21" originx="1900" originy="-300" rotation="0" length="100" width="7.8740157480315" flipped="False">
      <text name="pinname" originx="1870" originy="-300" style="Default" rotation="0" justify="right" flipped="False" hidden="False" data="14" />
      <text name="pindes" originx="1960" originy="-280" style="Default" rotation="0" justify="lowerleft" flipped="False" hidden="False" data="21" />
    </sympin>
    <sympin number="22" originx="1900" originy="-400" rotation="0" length="100" width="7.8740157480315" flipped="False">
      <text name="pinname" originx="1870" originy="-400" style="Default" rotation="0" justify="right" flipped="False" hidden="False" data="15" />
      <text name="pindes" originx="1960" originy="-380" style="Default" rotation="0" justify="lowerleft" flipped="False" hidden="False" data="22" />
    </sympin>
    <sympin number="23" originx="1900" originy="-500" rotation="0" length="100" width="7.8740157480315" flipped="False">
      <text name="pinname" originx="1870" originy="-500" style="Default" rotation="0" justify="right" flipped="False" hidden="False" data="16" />
      <text name="pindes" originx="1960" originy="-480" style="Default" rotation="0" justify="lowerleft" flipped="False" hidden="False" data="23" />
    </sympin>
    <sympin number="24" originx="1900" originy="-600" rotation="0" length="100" width="7.8740157480315" flipped="False">
      <text name="pinname" originx="1870" originy="-600" style="Default" rotation="0" justify="right" flipped="False" hidden="False" data="17" />
      <text name="pindes" originx="1960" originy="-580" style="Default" rotation="0" justify="lowerleft" flipped="False" hidden="False" data="24" />
    </sympin>
    <sympin number="25" originx="1900" originy="-700" rotation="0" length="100" width="7.8740157480315" flipped="False">
      <text name="pinname" originx="1870" originy="-700" style="Default" rotation="0" justify="right" flipped="False" hidden="False" data="18" />
      <text name="pindes" originx="1960" originy="-680" style="Default" rotation="0" justify="lowerleft" flipped="False" hidden="False" data="25" />
    </sympin>
    <sympin number="26" originx="1900" originy="-800" rotation="0" length="100" width="7.8740157480315" flipped="False">
      <text name="pinname" originx="1870" originy="-800" style="Default" rotation="0" justify="right" flipped="False" hidden="False" data="19" />
      <text name="pindes" originx="1960" originy="-780" style="Default" rotation="0" justify="lowerleft" flipped="False" hidden="False" data="26" />
    </sympin>
    <sympin number="27" originx="1900" originy="-900" rotation="0" length="100" width="7.8740157480315" flipped="False">
      <text name="pinname" originx="1870" originy="-900" style="Default" rotation="0" justify="right" flipped="False" hidden="False" data="20" />
      <text name="pindes" originx="1960" originy="-880" style="Default" rotation="0" justify="lowerleft" flipped="False" hidden="False" data="27" />
    </sympin>
    <sympin number="28" originx="1900" originy="-1000" rotation="0" length="100" width="7.8740157480315" flipped="False">
      <text name="pinname" originx="1870" originy="-1000" style="Default" rotation="0" justify="right" flipped="False" hidden="False" data="21" />
      <text name="pindes" originx="1960" originy="-980" style="Default" rotation="0" justify="lowerleft" flipped="False" hidden="False" data="28" />
    </sympin>
    <sympin number="29" originx="1900" originy="-1100" rotation="0" length="100" width="7.8740157480315" flipped="False">
      <text name="pinname" originx="1870" originy="-1100" style="Default" rotation="0" justify="right" flipped="False" hidden="False" data="22" />
      <text name="pindes" originx="1960" originy="-1080" style="Default" rotation="0" justify="lowerleft" flipped="False" hidden="False" data="29" />
    </sympin>
    <sympin number="30" originx="1900" originy="-1200" rotation="0" length="100" width="7.8740157480315" flipped="False">
      <text name="pinname" originx="1870" originy="-1200" style="Default" rotation="0" justify="right" flipped="False" hidden="False" data="23" />
      <text name="pindes" originx="1960" originy="-1180" style="Default" rotation="0" justify="lowerleft" flipped="False" hidden="False" data="30" />
    </sympin>
    <sympin number="31" originx="1900" originy="-1300" rotation="0" length="100" width="7.8740157480315" flipped="False">
      <text name="pinname" originx="1870" originy="-1300" style="Default" rotation="0" justify="right" flipped="False" hidden="False" data="3.3V(250_MA_MAX)" />
      <text name="pindes" originx="1960" originy="-1280" style="Default" rotation="0" justify="lowerleft" flipped="False" hidden="False" data="31" />
    </sympin>
    <sympin number="32" originx="1900" originy="-1400" rotation="0" length="100" width="7.8740157480315" flipped="False">
      <text name="pinname" originx="1870" originy="-1400" style="Default" rotation="0" justify="right" flipped="False" hidden="False" data="GND_3" />
      <text name="pindes" originx="1960" originy="-1380" style="Default" rotation="0" justify="lowerleft" flipped="False" hidden="False" data="32" />
    </sympin>
    <sympin number="33" originx="1900" originy="-1500" rotation="0" length="100" width="7.8740157480315" flipped="False">
      <text name="pinname" originx="1870" originy="-1500" style="Default" rotation="0" justify="right" flipped="False" hidden="False" data="VIN_(3.6_TO_5.5_VOLTS)" />
      <text name="pindes" originx="1960" originy="-1480" style="Default" rotation="0" justify="lowerleft" flipped="False" hidden="False" data="33" />
    </sympin>
    <sympin number="34" originx="1900" originy="-1600" rotation="0" length="100" width="7.8740157480315" flipped="False">
      <text name="pinname" originx="1870" originy="-1600" style="Default" rotation="0" justify="right" flipped="False" hidden="False" data="GND_4" />
      <text name="pindes" originx="1960" originy="-1580" style="Default" rotation="0" justify="lowerleft" flipped="False" hidden="False" data="34" />
    </sympin>
  </symbol>
  <component name="TEENSY_4.0" designatorprefix="IC" height="182.67716535433" footprint="TEENSY40">
    <comppin designator="1" sympin="1" pinswap="0" gateswap="0" gate="1" group="1" side="" type="Any" name="GND_1" />
    <comppin designator="2" sympin="2" pinswap="0" gateswap="0" gate="1" group="1" side="" type="Any" name="0" />
    <comppin designator="3" sympin="3" pinswap="0" gateswap="0" gate="1" group="1" side="" type="Any" name="1" />
    <comppin designator="4" sympin="4" pinswap="0" gateswap="0" gate="1" group="1" side="" type="Any" name="2" />
    <comppin designator="5" sympin="5" pinswap="0" gateswap="0" gate="1" group="1" side="" type="Any" name="3" />
    <comppin designator="6" sympin="6" pinswap="0" gateswap="0" gate="1" group="1" side="" type="Any" name="4" />
    <comppin designator="7" sympin="7" pinswap="0" gateswap="0" gate="1" group="1" side="" type="Any" name="5" />
    <comppin designator="8" sympin="8" pinswap="0" gateswap="0" gate="1" group="1" side="" type="Any" name="6" />
    <comppin designator="9" sympin="9" pinswap="0" gateswap="0" gate="1" group="1" side="" type="Any" name="7" />
    <comppin designator="10" sympin="10" pinswap="0" gateswap="0" gate="1" group="1" side="" type="Any" name="8" />
    <comppin designator="11" sympin="11" pinswap="0" gateswap="0" gate="1" group="1" side="" type="Any" name="9" />
    <comppin designator="12" sympin="12" pinswap="0" gateswap="0" gate="1" group="1" side="" type="Any" name="10" />
    <comppin designator="13" sympin="13" pinswap="0" gateswap="0" gate="1" group="1" side="" type="Any" name="11" />
    <comppin designator="14" sympin="14" pinswap="0" gateswap="0" gate="1" group="1" side="" type="Any" name="12" />
    <comppin designator="15" sympin="15" pinswap="0" gateswap="0" gate="1" group="1" side="" type="Any" name="VBAT" />
    <comppin designator="16" sympin="16" pinswap="0" gateswap="0" gate="1" group="1" side="" type="Any" name="3.3V" />
    <comppin designator="17" sympin="17" pinswap="0" gateswap="0" gate="1" group="1" side="" type="Any" name="GND_2" />
    <comppin designator="18" sympin="18" pinswap="0" gateswap="0" gate="1" group="1" side="" type="Any" name="PROGRAM" />
    <comppin designator="19" sympin="19" pinswap="0" gateswap="0" gate="1" group="1" side="" type="Any" name="ON/OFF" />
    <comppin designator="20" sympin="20" pinswap="0" gateswap="0" gate="1" group="1" side="" type="Any" name="13" />
    <comppin designator="21" sympin="21" pinswap="0" gateswap="0" gate="1" group="1" side="" type="Any" name="14" />
    <comppin designator="22" sympin="22" pinswap="0" gateswap="0" gate="1" group="1" side="" type="Any" name="15" />
    <comppin designator="23" sympin="23" pinswap="0" gateswap="0" gate="1" group="1" side="" type="Any" name="16" />
    <comppin designator="24" sympin="24" pinswap="0" gateswap="0" gate="1" group="1" side="" type="Any" name="17" />
    <comppin designator="25" sympin="25" pinswap="0" gateswap="0" gate="1" group="1" side="" type="Any" name="18" />
    <comppin designator="26" sympin="26" pinswap="0" gateswap="0" gate="1" group="1" side="" type="Any" name="19" />
    <comppin designator="27" sympin="27" pinswap="0" gateswap="0" gate="1" group="1" side="" type="Any" name="20" />
    <comppin designator="28" sympin="28" pinswap="0" gateswap="0" gate="1" group="1" side="" type="Any" name="21" />
    <comppin designator="29" sympin="29" pinswap="0" gateswap="0" gate="1" group="1" side="" type="Any" name="22" />
    <comppin designator="30" sympin="30" pinswap="0" gateswap="0" gate="1" group="1" side="" type="Any" name="23" />
    <comppin designator="31" sympin="31" pinswap="0" gateswap="0" gate="1" group="1" side="" type="Any" name="3.3V(250_MA_MAX)" />
    <comppin designator="32" sympin="32" pinswap="0" gateswap="0" gate="1" group="1" side="" type="Any" name="GND_3" />
    <comppin designator="33" sympin="33" pinswap="0" gateswap="0" gate="1" group="1" side="" type="Any" name="VIN_(3.6_TO_5.5_VOLTS)" />
    <comppin designator="34" sympin="34" pinswap="0" gateswap="0" gate="1" group="1" side="" type="Any" name="GND_4" />
    <attached_symbol gate="1" name="TEENSY_4.0" />
    <pinmap designator="1" footprintpin="1" />
    <pinmap designator="2" footprintpin="2" />
    <pinmap designator="3" footprintpin="3" />
    <pinmap designator="4" footprintpin="4" />
    <pinmap designator="5" footprintpin="5" />
    <pinmap designator="6" footprintpin="6" />
    <pinmap designator="7" footprintpin="7" />
    <pinmap designator="8" footprintpin="8" />
    <pinmap designator="9" footprintpin="9" />
    <pinmap designator="10" footprintpin="10" />
    <pinmap designator="11" footprintpin="11" />
    <pinmap designator="12" footprintpin="12" />
    <pinmap designator="13" footprintpin="13" />
    <pinmap designator="14" footprintpin="14" />
    <pinmap designator="15" footprintpin="15" />
    <pinmap designator="16" footprintpin="16" />
    <pinmap designator="17" footprintpin="17" />
    <pinmap designator="18" footprintpin="18" />
    <pinmap designator="19" footprintpin="19" />
    <pinmap designator="20" footprintpin="20" />
    <pinmap designator="21" footprintpin="21" />
    <pinmap designator="22" footprintpin="22" />
    <pinmap designator="23" footprintpin="23" />
    <pinmap designator="24" footprintpin="24" />
    <pinmap designator="25" footprintpin="25" />
    <pinmap designator="26" footprintpin="26" />
    <pinmap designator="27" footprintpin="27" />
    <pinmap designator="28" footprintpin="28" />
    <pinmap designator="29" footprintpin="29" />
    <pinmap designator="30" footprintpin="30" />
    <pinmap designator="31" footprintpin="31" />
    <pinmap designator="32" footprintpin="32" />
    <pinmap designator="33" footprintpin="33" />
    <pinmap designator="34" footprintpin="34" />
    <text name="Datasheet" originx="0" originy="0" style="Default" rotation="0" justify="" flipped="False" hidden="True" data="https://www.pjrc.com/store/teensy40.html" />
    <text name="Description" originx="0" originy="0" style="Default" rotation="0" justify="" flipped="False" hidden="True" data="Teensy USB Board, Version 4.0" />
    <text name="Manufacturer_Name" originx="0" originy="0" style="Default" rotation="0" justify="" flipped="False" hidden="True" data="Teensy" />
    <text name="Manufacturer_Part_Number" originx="1950" originy="200" style="Default" rotation="0" justify="left" flipped="False" hidden="False" data="TEENSY 4.0" />
    <text name="Mouser Part Number" originx="0" originy="0" style="Default" rotation="0" justify="" flipped="False" hidden="True" data="" />
    <text name="Mouser Price/Stock" originx="0" originy="0" style="Default" rotation="0" justify="" flipped="False" hidden="True" data="" />
    <text name="Arrow Part Number" originx="0" originy="0" style="Default" rotation="0" justify="" flipped="False" hidden="True" data="" />
    <text name="Arrow Price/Stock" originx="0" originy="0" style="Default" rotation="0" justify="" flipped="False" hidden="True" data="" />
  </component>
</quadcept_library>
